Total IO Count,Cost (Mil USD)
1879,2.12528
2704,3.31668
2015,1.10556
