BOOM LENGTH (m),Cost (Mil USD)
32,1.88552
27,1.88848
26,1.89144
37,1.89292
32,1.8944
41,1.89736
43,1.90032
37,1.90328
41,1.998
44,3.81544
18,1.17068
35,1.40452
